id;nom;prenom;numero;email;localite
1;Yao;Paul;01453689;bagaxe4237@testbnk.com;PortBouet
2;Abou;Ahmed;84189363;linoh18125@vhoff.com;Treicvhville
3;Kalou;Aloin;34485780;javefan287@rvemold.com;cocody
4;aney;edouard;86475790;deloha5846@rvemold.com;vridi
5;Kea;roland;88196963;bacis97278@pidouno.com;yopougon
6;brou;ama;46400681;rarofih551@0335g.com;sikensi
7;Gala;micheline;14072780;simipa9408@0335g.com;attecoube
8;Kaoffi;Raissa;68143980;lalipa1544@biiba.com;yopougon
9;Kouassi;francine;52756126;roheyex100@0335g.com;Abobo
